an2i/an2i_straight_happy_open_4.pgm
an2i/an2i_straight_neutral_sunglasses_4.pgm
at33/at33_straight_neutral_sunglasses_4.pgm
at33/at33_straight_sad_open_4.pgm
boland/boland_straight_sad_sunglasses_4.pgm
boland/boland_straight_angry_open_4.pgm
bpm/bpm_straight_angry_sunglasses_4.pgm
bpm/bpm_straight_happy_sunglasses_4.pgm
ch4f/ch4f_straight_angry_sunglasses_4.pgm
ch4f/ch4f_straight_happy_sunglasses_4.pgm
cheyer/cheyer_straight_sad_open_4.pgm
cheyer/cheyer_straight_happy_open_4.pgm
choon/choon_straight_happy_sunglasses_4.pgm
choon/choon_straight_angry_sunglasses_4.pgm
danieln/danieln_straight_sad_open_4.pgm
danieln/danieln_straight_angry_open_4.pgm
glickman/glickman_straight_happy_open_4.pgm
glickman/glickman_straight_happy_sunglasses_4.pgm
karyadi/karyadi_straight_happy_open_4.pgm
karyadi/karyadi_straight_happy_sunglasses_4.pgm
kawamura/kawamura_straight_neutral_sunglasses_4.pgm
kawamura/kawamura_straight_neutral_open_4.pgm
kk49/kk49_straight_happy_sunglasses_4.pgm
kk49/kk49_straight_angry_sunglasses_4.pgm
megak/megak_straight_angry_sunglasses_4.pgm
megak/megak_straight_angry_open_4.pgm
mitchell/mitchell_straight_angry_sunglasses_4.pgm
mitchell/mitchell_straight_happy_open_4.pgm
night/night_straight_sad_sunglasses_4.pgm
night/night_straight_angry_sunglasses_4.pgm
phoebe/phoebe_straight_happy_open_4.pgm
phoebe/phoebe_straight_happy_sunglasses_4.pgm
saavik/saavik_straight_happy_open_4.pgm
saavik/saavik_straight_happy_sunglasses_4.pgm
steffi/steffi_straight_angry_open_4.pgm
steffi/steffi_straight_sad_sunglasses_4.pgm
sz24/sz24_straight_happy_sunglasses_4.pgm
sz24/sz24_straight_sad_open_4.pgm
tammo/tammo_straight_neutral_open_4.pgm
tammo/tammo_straight_neutral_sunglasses_4.pgm
